{
    "16k_autoencoder": [
        {
            "CD_8192_full": [
                0.06474821269512177,
                1
            ],
            "f_score_0.1_full": [
                0.8428961038589478,
                1
            ],
            "f_score_0.05_full": [
                0.3323397636413574,
                1
            ],
            "f_score_0.02_full": [
                0.03083629719913006,
                1
            ],
            "CD_8192_visible": [
                0.0650503933429718,
                1
            ],
            "f_score_0.1_visible": [
                0.8403093218803406,
                1
            ],
            "f_score_0.05_visible": [
                0.3328615725040436,
                1
            ],
            "f_score_0.02_visible": [
                0.02777693048119545,
                1
            ]
        }
    ]
}