{
    "encoder": [
        {
            "CD_8192_full": [
                0.02565591037273407,
                1
            ],
            "f_score_0.1_full": [
                0.9819843173027039,
                1
            ],
            "f_score_0.05_full": [
                0.9358015656471252,
                1
            ],
            "f_score_0.02_full": [
                0.46418702602386475,
                1
            ],
            "CD_8192_visible": [
                0.05971040949225426,
                1
            ],
            "f_score_0.1_visible": [
                0.8459138870239258,
                1
            ],
            "f_score_0.05_visible": [
                0.5060709714889526,
                1
            ],
            "f_score_0.02_visible": [
                0.16097724437713623,
                1
            ]
        }
    ],
    "autoencoder": [
        {
            "CD_8192_full": [
                0.020329300314188004,
                1
            ],
            "f_score_0.1_full": [
                0.99111008644104,
                1
            ],
            "f_score_0.05_full": [
                0.9578049182891846,
                1
            ],
            "f_score_0.02_full": [
                0.6568174958229065,
                1
            ],
            "CD_8192_visible": [
                0.020329300314188004,
                1
            ],
            "f_score_0.1_visible": [
                0.99111008644104,
                1
            ],
            "f_score_0.05_visible": [
                0.9578049182891846,
                1
            ],
            "f_score_0.02_visible": [
                0.6568174958229065,
                1
            ]
        }
    ],
    "16k_autoencoder": [
        {
            "CD_8192_full": [
                0.05672319605946541,
                1
            ],
            "f_score_0.1_full": [
                0.9343222379684448,
                1
            ],
            "f_score_0.05_full": [
                0.45588791370391846,
                1
            ],
            "f_score_0.02_full": [
                0.04689725860953331,
                1
            ],
            "CD_8192_visible": [
                0.05672319605946541,
                1
            ],
            "f_score_0.1_visible": [
                0.9343222379684448,
                1
            ],
            "f_score_0.05_visible": [
                0.45588791370391846,
                1
            ],
            "f_score_0.02_visible": [
                0.04689725860953331,
                1
            ]
        }
    ]
}